{
    "name": "root",
    "gauges": {
        "AI_Racer1_AI_Racer1.Policy.Entropy.mean": {
            "value": 1.2226622104644775,
            "min": 1.2217633724212646,
            "max": 1.2228643894195557,
            "count": 26
        },
        "AI_Racer1_AI_Racer1.Policy.ExtrinsicValueEstimate.mean": {
            "value": 19.48174476623535,
            "min": 19.474821090698242,
            "max": 36.877769470214844,
            "count": 26
        },
        "AI_Racer1_AI_Racer1.IsTraining.mean": {
            "value": 1.0,
            "min": 1.0,
            "max": 1.0,
            "count": 26
        },
        "AI_Racer1_AI_Racer1.Environment.EpisodeLength.mean": {
            "value": 714.0,
            "min": 378.5,
            "max": 714.0,
            "count": 25
        },
        "AI_Racer1_AI_Racer1.Environment.CumulativeReward.mean": {
            "value": -212.96223163604736,
            "min": -318.3076801300049,
            "max": 5207.053340911865,
            "count": 25
        },
        "AI_Racer1_AI_Racer1.Policy.ExtrinsicReward.mean": {
            "value": -212.96223163604736,
            "min": -318.3076801300049,
            "max": 5207.053340911865,
            "count": 25
        },
        "AI_Racer1_AI_Racer1.Losses.ValueLoss.mean": {
            "value": 3924.20556640625,
            "min": 3924.20556640625,
            "max": 79580.796875,
            "count": 2
        },
        "AI_Racer1_AI_Racer1.Losses.PolicyLoss.mean": {
            "value": 0.029421905055642128,
            "min": 0.02751816064119339,
            "max": 0.029421905055642128,
            "count": 2
        },
        "AI_Racer1_AI_Racer1.Policy.LearningRate.mean": {
            "value": 0.0002999900607392192,
            "min": 0.0002999900607392192,
            "max": 0.00029999008984304965,
            "count": 2
        }
    },
    "metadata": {
        "timer_format_version": "0.1.0",
        "start_time_seconds": "1599815786",
        "python_version": "3.6.10 |Anaconda, Inc.| (default, May  7 2020, 19:46:08) [MSC v.1916 64 bit (AMD64)]",
        "command_line_arguments": "D:\\ProgramData\\Anaconda3\\envs\\ml-agents_release2\\Scripts\\mlagents-learn trainer_config.yaml --run-id=AI_Racer1 --train --resume",
        "mlagents_version": "0.16.1",
        "mlagents_envs_version": "0.16.1",
        "communication_protocol_version": "1.0.0",
        "tensorflow_version": "1.7.1",
        "end_time_seconds": "1599815969"
    },
    "total": 183.286679,
    "count": 1,
    "self": 0.0002925999999661144,
    "children": {
        "run_training.setup": {
            "total": 0.004217,
            "count": 1,
            "self": 0.004217
        },
        "TrainerController.start_learning": {
            "total": 183.28216940000002,
            "count": 1,
            "self": 6.016067500000247,
            "children": {
                "TrainerController._reset_env": {
                    "total": 7.8751821,
                    "count": 1,
                    "self": 7.8751821
                },
                "TrainerController.advance": {
                    "total": 169.26494169999978,
                    "count": 25687,
                    "self": 0.20985909999959063,
                    "children": {
                        "env_step": {
                            "total": 169.0550826000002,
                            "count": 25687,
                            "self": 158.27060660000126,
                            "children": {
                                "SubprocessEnvManager._take_step": {
                                    "total": 10.52698829999994,
                                    "count": 25687,
                                    "self": 0.520648399999379,
                                    "children": {
                                        "NNPolicy.evaluate": {
                                            "total": 10.006339900000562,
                                            "count": 25687,
                                            "self": 10.006339900000562
                                        }
                                    }
                                },
                                "workers": {
                                    "total": 0.25748769999897725,
                                    "count": 25686,
                                    "self": 0.0,
                                    "children": {
                                        "worker_root": {
                                            "total": 174.70647060000005,
                                            "count": 25686,
                                            "is_parallel": true,
                                            "self": 33.77989179999909,
                                            "children": {
                                                "steps_from_proto": {
                                                    "total": 0.0002455,
                                                    "count": 1,
                                                    "is_parallel": true,
                                                    "self": 6.180000000000001e-05,
                                                    "children": {
                                                        "_process_vector_observation": {
                                                            "total": 0.0001837,
                                                            "count": 2,
                                                            "is_parallel": true,
                                                            "self": 0.0001837
                                                        }
                                                    }
                                                },
                                                "UnityEnvironment.step": {
                                                    "total": 140.92633330000095,
                                                    "count": 25686,
                                                    "is_parallel": true,
                                                    "self": 1.614985100001718,
                                                    "children": {
                                                        "UnityEnvironment._generate_step_input": {
                                                            "total": 0.9802689999996425,
                                                            "count": 25686,
                                                            "is_parallel": true,
                                                            "self": 0.9802689999996425
                                                        },
                                                        "communicator.exchange": {
                                                            "total": 134.2878740999996,
                                                            "count": 25686,
                                                            "is_parallel": true,
                                                            "self": 134.2878740999996
                                                        },
                                                        "steps_from_proto": {
                                                            "total": 4.043205099999976,
                                                            "count": 25686,
                                                            "is_parallel": true,
                                                            "self": 1.482786800000893,
                                                            "children": {
                                                                "_process_vector_observation": {
                                                                    "total": 2.5604182999990828,
                                                                    "count": 51372,