{
    "name": "root",
    "gauges": {
        "AI_Racer1_AI_Racer1.Policy.Entropy.mean": {
            "value": 1.1976782083511353,
            "min": 1.1976782083511353,
            "max": 1.217366099357605,
            "count": 179
        },
        "AI_Racer1_AI_Racer1.Policy.ExtrinsicValueEstimate.mean": {
            "value": 42.216148376464844,
            "min": 15.86280345916748,
            "max": 42.216148376464844,
            "count": 179
        },
        "AI_Racer1_AI_Racer1.IsTraining.mean": {
            "value": 1.0,
            "min": 1.0,
            "max": 1.0,
            "count": 179
        },
        "AI_Racer1_AI_Racer1.Environment.EpisodeLength.mean": {
            "value": 450.5,
            "min": 439.0,
            "max": 1616.0,
            "count": 177
        },
        "AI_Racer1_AI_Racer1.Environment.CumulativeReward.mean": {
            "value": 475.1615877151489,
            "min": -1469.763105392456,
            "max": 482.02094173431396,
            "count": 177
        },
        "AI_Racer1_AI_Racer1.Policy.ExtrinsicReward.mean": {
            "value": 475.1615877151489,
            "min": -1469.763105392456,
            "max": 482.02094173431396,
            "count": 177
        },
        "AI_Racer1_AI_Racer1.Losses.ValueLoss.mean": {
            "value": 585.0884399414062,
            "min": 563.7109985351562,
            "max": 803.4664306640625,
            "count": 17
        },
        "AI_Racer1_AI_Racer1.Losses.PolicyLoss.mean": {
            "value": 0.024817856028676033,
            "min": 0.018658140674233437,
            "max": 0.02898913435637951,
            "count": 17
        },
        "AI_Racer1_AI_Racer1.Policy.LearningRate.mean": {
            "value": 0.0002999880234710872,
            "min": 0.0002999880234710872,
            "max": 0.00029998907120898366,
            "count": 17
        }
    },
    "metadata": {
        "timer_format_version": "0.1.0",
        "start_time_seconds": "1600330190",
        "python_version": "3.6.10 |Anaconda, Inc.| (default, May  7 2020, 19:46:08) [MSC v.1916 64 bit (AMD64)]",
        "command_line_arguments": "D:\\ProgramData\\Anaconda3\\envs\\ml-agents_release2\\Scripts\\mlagents-learn trainer_config.yaml --run-id=AI_Racer1 --train --resume",
        "mlagents_version": "0.16.1",
        "mlagents_envs_version": "0.16.1",
        "communication_protocol_version": "1.0.0",
        "tensorflow_version": "1.7.1",
        "end_time_seconds": "1600331806"
    },
    "total": 1616.1088476,
    "count": 1,
    "self": 0.0013083999999707885,
    "children": {
        "run_training.setup": {
            "total": 0.0076855,
            "count": 1,
            "self": 0.0076855
        },
        "TrainerController.start_learning": {
            "total": 1616.0998537,
            "count": 1,
            "self": 39.80645859998731,
            "children": {
                "TrainerController._reset_env": {
                    "total": 6.6234739,
                    "count": 1,
                    "self": 6.6234739
                },
                "TrainerController.advance": {
                    "total": 1569.1824335000126,
                    "count": 179462,
                    "self": 1.5367253000224537,
                    "children": {
                        "env_step": {
                            "total": 1567.6457081999902,
                            "count": 179462,
                            "self": 1489.2255959000108,
                            "children": {
                                "SubprocessEnvManager._take_step": {
                                    "total": 76.6808246999656,
                                    "count": 179462,
                                    "self": 3.395167399935346,
                                    "children": {
                                        "NNPolicy.evaluate": {
                                            "total": 73.28565730003025,
                                            "count": 179221,
                                            "self": 73.28565730003025
                                        }
                                    }
                                },
                                "workers": {
                                    "total": 1.7392876000138386,
                                    "count": 179461,
                                    "self": 0.0,
                                    "children": {
                                        "worker_root": {
                                            "total": 1606.2180397999755,
                                            "count": 179461,
                                            "is_parallel": true,
                                            "self": 238.52997540004003,
                                            "children": {
                                                "steps_from_proto": {
                                                    "total": 0.0006994,
                                                    "count": 1,
                                                    "is_parallel": true,
                                                    "self": 6.659999999999988e-05,
                                                    "children": {
                                                        "_process_vector_observation": {
                                                            "total": 0.0006328000000000001,
                                                            "count": 2,
                                                            "is_parallel": true,
                                                            "self": 0.0006328000000000001
                                                        }
                                                    }
                                                },
                                                "UnityEnvironment.step": {
                                                    "total": 1367.6873649999354,
                                                    "count": 179461,
                                                    "is_parallel": true,
                                                    "self": 10.581694000017478,
                                                    "children": {
                                                        "UnityEnvironment._generate_step_input": {
                                                            "total": 6.2258551000008975,
                                                            "count": 179461,
                                                            "is_parallel": true,
                                                            "self": 6.2258551000008975
                                                        },
                                                        "communicator.exchange": {
                                                            "total": 1324.380902199935,
                                                            "count": 179461,
                                                            "is_parallel": true,
                                                            "self": 1324.380902199935
                                                        },
                                                        "steps_from_proto": {
                                                            "total": 26.498913699982072,
                                                            "count": 179461,
                                                            "is_parallel": true,
                                                            "self": 9.782545299963463,
                                                            "children": {
                                                                "_process_vector_observation": {
                                                                    "total": 16.71636840001861,