{
    "name": "root",
    "gauges": {
        "AI_Racer1_AI_Racer1.Policy.Entropy.mean": {
            "value": 1.3174611330032349,
            "min": 1.3174611330032349,
            "max": 1.418938398361206,
            "count": 724
        },
        "AI_Racer1_AI_Racer1.Policy.ExtrinsicValueEstimate.mean": {
            "value": 4.509162425994873,
            "min": -0.2810285985469818,
            "max": 4.544610023498535,
            "count": 724
        },
        "AI_Racer1_AI_Racer1.IsTraining.mean": {
            "value": 1.0,
            "min": 1.0,
            "max": 1.0,
            "count": 724
        },
        "AI_Racer1_AI_Racer1.Environment.EpisodeLength.mean": {
            "value": 1290.0,
            "min": 254.0,
            "max": 10000.0,
            "count": 377
        },
        "AI_Racer1_AI_Racer1.Environment.CumulativeReward.mean": {
            "value": 59.547141432762146,
            "min": -12.670357356313616,
            "max": 457.31434231996536,
            "count": 380
        },
        "AI_Racer1_AI_Racer1.Policy.ExtrinsicReward.mean": {
            "value": 59.547141432762146,
            "min": -12.670357356313616,
            "max": 457.31434231996536,
            "count": 380
        },
        "AI_Racer1_AI_Racer1.Losses.ValueLoss.mean": {
            "value": 0.012745948508381844,
            "min": 0.010345297865569592,
            "max": 0.09626805782318115,
            "count": 70
        },
        "AI_Racer1_AI_Racer1.Losses.PolicyLoss.mean": {
            "value": 0.028972618281841278,
            "min": 0.01718139834702015,
            "max": 0.03335225582122803,
            "count": 70
        },
        "AI_Racer1_AI_Racer1.Policy.LearningRate.mean": {
            "value": 0.0002999957068823278,
            "min": 0.0002999957068823278,
            "max": 0.000299999926937744,
            "count": 70
        }
    },
    "metadata": {
        "timer_format_version": "0.1.0",
        "start_time_seconds": "1599361059",
        "python_version": "3.6.10 |Anaconda, Inc.| (default, May  7 2020, 19:46:08) [MSC v.1916 64 bit (AMD64)]",
        "command_line_arguments": "D:\\ProgramData\\Anaconda3\\envs\\ml-agents_release2\\Scripts\\mlagents-learn trainer_config.yaml --run-id=AI_Racer1 --train --force",
        "mlagents_version": "0.16.1",
        "mlagents_envs_version": "0.16.1",
        "communication_protocol_version": "1.0.0",
        "tensorflow_version": "1.7.1",
        "end_time_seconds": "1599366704"
    },
    "total": 5644.5484868,
    "count": 1,
    "self": 0.0003710000009959913,
    "children": {
        "run_training.setup": {
            "total": 0.0061766,
            "count": 1,
            "self": 0.0061766
        },
        "TrainerController.start_learning": {
            "total": 5644.541939199999,
            "count": 1,
            "self": 137.34124760028317,
            "children": {
                "TrainerController._reset_env": {
                    "total": 8.6220707,
                    "count": 1,
                    "self": 8.6220707
                },
                "TrainerController.advance": {
                    "total": 5496.862589599716,
                    "count": 724996,
                    "self": 5.800649899359996,
                    "children": {
                        "env_step": {
                            "total": 5491.061939700356,
                            "count": 724996,
                            "self": 5215.532444300975,
                            "children": {
                                "SubprocessEnvManager._take_step": {
                                    "total": 268.77717619954973,
                                    "count": 724996,
                                    "self": 13.097783499211914,
                                    "children": {
                                        "NNPolicy.evaluate": {
                                            "total": 255.67939270033781,
                                            "count": 724991,
                                            "self": 255.67939270033781
                                        }
                                    }
                                },
                                "workers": {
                                    "total": 6.752319199830984,
                                    "count": 724995,
                                    "self": 0.0,
                                    "children": {
                                        "worker_root": {
                                            "total": 5623.727164600335,
                                            "count": 724995,
                                            "is_parallel": true,
                                            "self": 861.7136250000303,
                                            "children": {
                                                "steps_from_proto": {
                                                    "total": 0.0002052,
                                                    "count": 1,
                                                    "is_parallel": true,
                                                    "self": 6.330000000000002e-05,
                                                    "children": {
                                                        "_process_vector_observation": {
                                                            "total": 0.00014189999999999998,
                                                            "count": 2,
                                                            "is_parallel": true,
                                                            "self": 0.00014189999999999998
                                                        }
                                                    }
                                                },
                                                "UnityEnvironment.step": {
                                                    "total": 4762.013334400304,
                                                    "count": 724995,
                                                    "is_parallel": true,
                                                    "self": 40.24232000042775,
                                                    "children": {
                                                        "UnityEnvironment._generate_step_input": {
                                                            "total": 22.702531899909708,
                                                            "count": 724995,
                                                            "is_parallel": true,
                                                            "self": 22.702531899909708
                                                        },
                                                        "communicator.exchange": {
                                                            "total": 4596.074610000068,
                                                            "count": 724995,
                                                            "is_parallel": true,
                                                            "self": 4596.074610000068
                                                        },
                                                        "steps_from_proto": {
                                                            "total": 102.9938724998992,
                                                            "count": 724995,
                                                            "is_parallel": true,
                                                            "self": 38.87385269958308,
                                                            "children": {
                                                                "_process_vector_observation": {
                                                                    "total": 64.12001980031611,