Steps,Policy/Extrinsic Value Estimate,Environment/Cumulative Reward,Policy/Extrinsic Reward,Policy/Entropy,Environment/Episode Length,Is Training
2000,0.02568402,-0.23922785371541977,-0.23922785371541977,1.4189383,999.0,1.0
3000,0.13104376,0.44672612845897675,0.44672612845897675,1.4189382,999.0,1.0
4000,0.09480916,-4.003311840817332,-4.003311840817332,1.4189383,999.0,1.0
5000,0.031671263,-4.5059478133916855,-4.5059478133916855,1.4189383,999.0,1.0
6000,0.034865424,-2.1257549319416285,-2.1257549319416285,1.4189383,999.0,1.0
7000,0.011067734,-3.271510384976864,-3.271510384976864,1.4189383,999.0,1.0
