{
    "name": "root",
    "gauges": {
        "AI_Racer1_AI_Racer1.Policy.Entropy.mean": {
            "value": 1.2380218505859375,
            "min": 1.2380218505859375,
            "max": 1.3174612522125244,
            "count": 601
        },
        "AI_Racer1_AI_Racer1.IsTraining.mean": {
            "value": 1.0,
            "min": 1.0,
            "max": 1.0,
            "count": 601
        },
        "AI_Racer1_AI_Racer1.Policy.ExtrinsicValueEstimate.mean": {
            "value": 21.059354782104492,
            "min": -6.051517963409424,
            "max": 24.873924255371094,
            "count": 600
        },
        "AI_Racer1_AI_Racer1.Environment.EpisodeLength.mean": {
            "value": 456.5,
            "min": 352.0,
            "max": 5946.0,
            "count": 507
        },
        "AI_Racer1_AI_Racer1.Environment.CumulativeReward.mean": {
            "value": 198.06028175354004,
            "min": -1279.4183762669563,
            "max": 214.4729483127594,
            "count": 507
        },
        "AI_Racer1_AI_Racer1.Policy.ExtrinsicReward.mean": {
            "value": 198.06028175354004,
            "min": -1279.4183762669563,
            "max": 214.4729483127594,
            "count": 507
        },
        "AI_Racer1_AI_Racer1.Losses.ValueLoss.mean": {
            "value": 19.36878204345703,
            "min": 17.86560821533203,
            "max": 41.11368942260742,
            "count": 58
        },
        "AI_Racer1_AI_Racer1.Losses.PolicyLoss.mean": {
            "value": 0.02913699857890606,
            "min": 0.017132069915533066,
            "max": 0.03074192814528942,
            "count": 58
        },
        "AI_Racer1_AI_Racer1.Policy.LearningRate.mean": {
            "value": 0.00029999209800735116,
            "min": 0.00029999209800735116,
            "max": 0.0002999956195708364,
            "count": 58
        }
    },
    "metadata": {
        "timer_format_version": "0.1.0",
        "start_time_seconds": "1599721323",
        "python_version": "3.6.10 |Anaconda, Inc.| (default, May  7 2020, 19:46:08) [MSC v.1916 64 bit (AMD64)]",
        "command_line_arguments": "D:\\ProgramData\\Anaconda3\\envs\\ml-agents_release2\\Scripts\\mlagents-learn trainer_config.yaml --run-id=AI_Racer1 --train --resume",
        "mlagents_version": "0.16.1",
        "mlagents_envs_version": "0.16.1",
        "communication_protocol_version": "1.0.0",
        "tensorflow_version": "1.7.1",
        "end_time_seconds": "1599725785"
    },
    "total": 4462.8012376,
    "count": 1,
    "self": 0.0010348000005251379,
    "children": {
        "run_training.setup": {
            "total": 0.0061205999999999995,
            "count": 1,
            "self": 0.0061205999999999995
        },
        "TrainerController.start_learning": {
            "total": 4462.794082199999,
            "count": 1,
            "self": 122.82046579994858,
            "children": {
                "TrainerController._reset_env": {
                    "total": 5.987587199999999,
                    "count": 1,
                    "self": 5.987587199999999
                },
                "TrainerController.advance": {
                    "total": 4332.72979730005,
                    "count": 600677,
                    "self": 4.537500300014472,
                    "children": {
                        "env_step": {
                            "total": 4328.192297000036,
                            "count": 600677,
                            "self": 4078.2053991998077,
                            "children": {
                                "SubprocessEnvManager._take_step": {
                                    "total": 244.1291663999956,
                                    "count": 600677,
                                    "self": 12.193892400205215,
                                    "children": {
                                        "NNPolicy.evaluate": {
                                            "total": 231.93527399979038,
                                            "count": 600677,
                                            "self": 231.93527399979038
                                        }
                                    }
                                },
                                "workers": {
                                    "total": 5.857731400232711,
                                    "count": 600676,
                                    "self": 0.0,
                                    "children": {
                                        "worker_root": {
                                            "total": 4445.647224200046,
                                            "count": 600676,
                                            "is_parallel": true,
                                            "self": 776.1187682000827,
                                            "children": {
                                                "steps_from_proto": {
                                                    "total": 0.0006425000000000001,
                                                    "count": 1,
                                                    "is_parallel": true,
                                                    "self": 8.620000000000014e-05,
                                                    "children": {
                                                        "_process_vector_observation": {
                                                            "total": 0.0005562999999999999,
                                                            "count": 2,
                                                            "is_parallel": true,
                                                            "self": 0.0005562999999999999
                                                        }
                                                    }
                                                },
                                                "UnityEnvironment.step": {
                                                    "total": 3669.5278134999635,
                                                    "count": 600676,
                                                    "is_parallel": true,
                                                    "self": 36.423911299744304,
                                                    "children": {
                                                        "UnityEnvironment._generate_step_input": {
                                                            "total": 21.329205100202053,
                                                            "count": 600676,
                                                            "is_parallel": true,
                                                            "self": 21.329205100202053
                                                        },
                                                        "communicator.exchange": {
                                                            "total": 3519.6220401000937,
                                                            "count": 600676,
                                                            "is_parallel": true,
                                                            "self": 3519.6220401000937
                                                        },
                                                        "steps_from_proto": {
                                                            "total": 92.15265699992335,
                                                            "count": 600676,
                                                            "is_parallel": true,
                                                            "self": 34.05095279999111,