{
    "name": "root",
    "gauges": {
        "AI_Racer1_AI_Racer1.Policy.Entropy.mean": {
            "value": 1.217071533203125,
            "min": 1.217071533203125,
            "max": 1.2196102142333984,
            "count": 30
        },
        "AI_Racer1_AI_Racer1.Policy.ExtrinsicValueEstimate.mean": {
            "value": 26.825681686401367,
            "min": 21.461376190185547,
            "max": 36.28901672363281,
            "count": 30
        },
        "AI_Racer1_AI_Racer1.Environment.EpisodeLength.mean": {
            "value": 577.0,
            "min": 410.5,
            "max": 766.0,
            "count": 30
        },
        "AI_Racer1_AI_Racer1.Environment.CumulativeReward.mean": {
            "value": -89.12505149841309,
            "min": -344.29022789001465,
            "max": 440.6494565010071,
            "count": 30
        },
        "AI_Racer1_AI_Racer1.Policy.ExtrinsicReward.mean": {
            "value": -89.12505149841309,
            "min": -344.29022789001465,
            "max": 440.6494565010071,
            "count": 30
        },
        "AI_Racer1_AI_Racer1.IsTraining.mean": {
            "value": 1.0,
            "min": 1.0,
            "max": 1.0,
            "count": 30
        },
        "AI_Racer1_AI_Racer1.Losses.ValueLoss.mean": {
            "value": 43.64723205566406,
            "min": 43.64723205566406,
            "max": 625.181884765625,
            "count": 2
        },
        "AI_Racer1_AI_Racer1.Losses.PolicyLoss.mean": {
            "value": 0.022674407809972763,
            "min": 0.022674407809972763,
            "max": 0.02746501751244068,
            "count": 2
        },
        "AI_Racer1_AI_Racer1.Policy.LearningRate.mean": {
            "value": 0.00029998915852047503,
            "min": 0.00029998915852047503,
            "max": 0.0002999891876243055,
            "count": 2
        }
    },
    "metadata": {
        "timer_format_version": "0.1.0",
        "start_time_seconds": "1600249087",
        "python_version": "3.6.10 |Anaconda, Inc.| (default, May  7 2020, 19:46:08) [MSC v.1916 64 bit (AMD64)]",
        "command_line_arguments": "D:\\ProgramData\\Anaconda3\\envs\\ml-agents_release2\\Scripts\\mlagents-learn trainer_config.yaml --run-id=AI_Racer1 --train --resume",
        "mlagents_version": "0.16.1",
        "mlagents_envs_version": "0.16.1",
        "communication_protocol_version": "1.0.0",
        "tensorflow_version": "1.7.1",
        "end_time_seconds": "1600249283"
    },
    "total": 195.911277,
    "count": 1,
    "self": 0.0004379000000085398,
    "children": {
        "run_training.setup": {
            "total": 0.0042951,
            "count": 1,
            "self": 0.0042951
        },
        "TrainerController.start_learning": {
            "total": 195.906544,
            "count": 1,
            "self": 6.789640000000787,
            "children": {
                "TrainerController._reset_env": {
                    "total": 5.0500415,
                    "count": 1,
                    "self": 5.0500415
                },
                "TrainerController.advance": {
                    "total": 183.9443203999992,
                    "count": 30441,
                    "self": 0.2503441999986933,
                    "children": {
                        "env_step": {
                            "total": 183.69397620000052,
                            "count": 30441,
                            "self": 171.10939659999895,
                            "children": {
                                "SubprocessEnvManager._take_step": {
                                    "total": 12.283359900002912,
                                    "count": 30441,
                                    "self": 0.5862255000050585,
                                    "children": {
                                        "NNPolicy.evaluate": {
                                            "total": 11.697134399997854,
                                            "count": 30441,
                                            "self": 11.697134399997854
                                        }
                                    }
                                },
                                "workers": {
                                    "total": 0.30121969999867826,
                                    "count": 30440,
                                    "self": 0.0,
                                    "children": {
                                        "worker_root": {
                                            "total": 190.07603120000064,
                                            "count": 30440,
                                            "is_parallel": true,
                                            "self": 39.1390489999975,
                                            "children": {
                                                "steps_from_proto": {
                                                    "total": 0.0001968,
                                                    "count": 1,
                                                    "is_parallel": true,
                                                    "self": 6.210000000000002e-05,
                                                    "children": {
                                                        "_process_vector_observation": {
                                                            "total": 0.0001347,
                                                            "count": 2,
                                                            "is_parallel": true,
                                                            "self": 0.0001347
                                                        }
                                                    }
                                                },
                                                "UnityEnvironment.step": {
                                                    "total": 150.93678540000315,
                                                    "count": 30440,
                                                    "is_parallel": true,
                                                    "self": 1.8151660000030176,
                                                    "children": {
                                                        "UnityEnvironment._generate_step_input": {
                                                            "total": 1.0924577999985856,
                                                            "count": 30440,
                                                            "is_parallel": true,
                                                            "self": 1.0924577999985856
                                                        },
                                                        "communicator.exchange": {
                                                            "total": 143.3984603,
                                                            "count": 30440,
                                                            "is_parallel": true,
                                                            "self": 143.3984603
                                                        },
                                                        "steps_from_proto": {
                                                            "total": 4.6307013000015225,
                                                            "count": 30440,
                                                            "is_parallel": true,
                                                            "self": 1.7242104999997312,
                                                            "children": {
                                                                "_process_vector_observation": {
                                                                    "total": 2.9064908000017913,
                                                                    "count": 60880,