{
    "name": "root",
    "gauges": {
        "AI_Racer1_AI_Racer1.Policy.Entropy.mean": {
            "value": 1.0512516498565674,
            "min": 1.0512515306472778,
            "max": 1.419584035873413,
            "count": 1189
        },
        "AI_Racer1_AI_Racer1.Policy.ExtrinsicValueEstimate.mean": {
            "value": 9.994694709777832,
            "min": -0.1947515606880188,
            "max": 9.999992370605469,
            "count": 1189
        },
        "AI_Racer1_AI_Racer1.IsTraining.mean": {
            "value": 1.0,
            "min": 1.0,
            "max": 1.0,
            "count": 1189
        },
        "AI_Racer1_AI_Racer1.Environment.EpisodeLength.mean": {
            "value": 9999.0,
            "min": 9999.0,
            "max": 9999.0,
            "count": 118
        },
        "AI_Racer1_AI_Racer1.Environment.CumulativeReward.mean": {
            "value": 998.8083497285843,
            "min": -22.779958628118038,
            "max": 998.824921131134,
            "count": 118
        },
        "AI_Racer1_AI_Racer1.Policy.ExtrinsicReward.mean": {
            "value": 998.8083497285843,
            "min": -22.779958628118038,
            "max": 998.824921131134,
            "count": 118
        },
        "AI_Racer1_AI_Racer1.Losses.ValueLoss.mean": {
            "value": 0.0009431607322767377,
            "min": 0.0008455066126771271,
            "max": 0.40051811933517456,
            "count": 115
        },
        "AI_Racer1_AI_Racer1.Losses.PolicyLoss.mean": {
            "value": 0.019524384289979935,
            "min": 0.017154833301901817,
            "max": 0.035371165722608566,
            "count": 115
        },
        "AI_Racer1_AI_Racer1.Policy.LearningRate.mean": {
            "value": 0.0002999929420184344,
            "min": 0.0002999929420184344,
            "max": 0.000299999926937744,
            "count": 115
        }
    },
    "metadata": {
        "timer_format_version": "0.1.0",
        "start_time_seconds": "1597568393",
        "python_version": "3.6.10 |Anaconda, Inc.| (default, May  7 2020, 19:46:08) [MSC v.1916 64 bit (AMD64)]",
        "command_line_arguments": "D:\\ProgramData\\Anaconda3\\envs\\ml-agents_release2\\Scripts\\mlagents-learn trainer_config.yaml --run-id=AI_Racer1 --train --force",
        "mlagents_version": "0.16.1",
        "mlagents_envs_version": "0.16.1",
        "communication_protocol_version": "1.0.0",
        "tensorflow_version": "1.7.1",
        "end_time_seconds": "1597575927"
    },
    "total": 7534.1443264,
    "count": 1,
    "self": 0.0013218999993114267,
    "children": {
        "run_training.setup": {
            "total": 0.0073226,
            "count": 1,
            "self": 0.0073226
        },
        "TrainerController.start_learning": {
            "total": 7534.1356819,
            "count": 1,
            "self": 241.33234350003204,
            "children": {
                "TrainerController._reset_env": {
                    "total": 6.8818013,
                    "count": 1,
                    "self": 6.8818013
                },
                "TrainerController.advance": {
                    "total": 7283.31044789997,
                    "count": 1189644,
                    "self": 9.241880300317462,
                    "children": {
                        "env_step": {
                            "total": 7274.068567599653,
                            "count": 1189644,
                            "self": 6815.37499149892,
                            "children": {
                                "SubprocessEnvManager._take_step": {
                                    "total": 447.5769741004566,
                                    "count": 1189644,
                                    "self": 22.650073700176563,
                                    "children": {
                                        "NNPolicy.evaluate": {
                                            "total": 424.92690040028003,
                                            "count": 1189644,
                                            "self": 424.92690040028003
                                        }
                                    }
                                },
                                "workers": {
                                    "total": 11.116602000276458,
                                    "count": 1189643,
                                    "self": 0.0,
                                    "children": {
                                        "worker_root": {
                                            "total": 7507.626441900267,
                                            "count": 1189643,
                                            "is_parallel": true,
                                            "self": 1460.8104457001864,
                                            "children": {
                                                "steps_from_proto": {
                                                    "total": 0.0007592,
                                                    "count": 1,
                                                    "is_parallel": true,
                                                    "self": 7.050000000000003e-05,
                                                    "children": {
                                                        "_process_vector_observation": {
                                                            "total": 0.0006887,
                                                            "count": 2,
                                                            "is_parallel": true,
                                                            "self": 0.0006887
                                                        }
                                                    }
                                                },
                                                "UnityEnvironment.step": {
                                                    "total": 6046.815237000081,
                                                    "count": 1189643,
                                                    "is_parallel": true,
                                                    "self": 68.90859259996887,
                                                    "children": {
                                                        "UnityEnvironment._generate_step_input": {
                                                            "total": 40.68720529993286,
                                                            "count": 1189643,
                                                            "is_parallel": true,
                                                            "self": 40.68720529993286
                                                        },
                                                        "communicator.exchange": {
                                                            "total": 5766.651130300149,
                                                            "count": 1189643,
                                                            "is_parallel": true,
                                                            "self": 5766.651130300149
                                                        },
                                                        "steps_from_proto": {
                                                            "total": 170.56830880003054,
                                                            "count": 1189643,
                                                            "is_parallel": true,
                                                            "self": 64.20099860035356,
                                                            "children": {
                                                                "_process_vector_observation": {
                                                                    "total": 106.36731019967698,