{"count":1,"self":4695.1985152,"total":7527.3577314999993,"children":{"AgentSendState":{"count":5948234,"self":46.5619456,"total":161.8978835,"children":{"CollectObservations":{"count":1189647,"self":73.2179008,"total":73.2179032,"children":null},"CollectDiscreteActionMasks":{"count":1189647,"self":1.4714774,"total":1.4714774,"children":null},"AgentInfo.ToProto":{"count":1189647,"self":7.6419239999999995,"total":40.6465563,"children":{"GenerateSensorData":{"count":1189647,"self":33.0046336,"total":33.0046325,"children":null}}}}},"DecideAction":{"count":5948234,"self":2658.4244224,"total":2658.424501,"children":null},"AgentAct":{"count":5948234,"self":11.8329864,"total":11.8359785,"children":{"AgentInfo.ToProto":{"count":118,"self":0.0009984,"total":0.0029917999999999998,"children":{"GenerateSensorData":{"count":118,"self":0.0019933999999999998,"total":0.0019933999999999998,"children":null}}}}}},"gauges":{"AI_Racer1.CumulativeReward":{"count":118,"max":999.0842,"min":-22.7713242,"runningAverage":921.7447,"value":998.936,"weightedAverage":999.0254}},"metadata":{"timer_format_version":"0.1.0","start_time_seconds":"1597568400","unity_version":"2018.4.23f1","command_line_arguments":"D:\\Program Files\\Unity\\2018.4.23f1\\Editor\\Unity.exe -projectpath E:\/Unity_Projects\/KartRacer_Chase -useHub -hubIPC -cloudEnvironment production -hubSessionId 95782da0-df8f-11ea-8af8-6b6185be8ef6 -accessToken VLqRi8mZ11ilbNC1Z_W0AEkxw-7pntWf8456qTw0itY00bf","communication_protocol_version":"1.0.0","com.unity.ml-agents_version":"1.0.2","scene_name":"PlayingScene","end_time_seconds":"1597575927"}}